Kernel,Degree (poly) / gamma (rbf),C,Accuracy Train,Accuracy Test
linear, -- ,1,0.9989316239316239,0.8269230769230769
linear, -- ,101,0.9989316239316239,0.8269230769230769
linear, -- ,201,0.9989316239316239,0.8269230769230769
linear, -- ,301,0.9989316239316239,0.8269230769230769
linear, -- ,401,0.9989316239316239,0.8269230769230769
